연월,설비용량_mw
2020-01,79.5
2020-02,79.5
2020-03,79.5
2020-04,79.5
2020-05,79.5
2020-06,79.5
2020-07,79.5
2020-08,79.5
2020-09,79.5
2020-10,79.5
2020-11,79.5
2020-12,79.5
2021-01,79.5
2021-02,79.5
2021-03,79.5
2021-04,79.5
2021-05,79.5
2021-06,79.5
2021-07,79.5
2021-08,79.5
2021-09,79.5
2021-10,79.5
2021-11,79.5
2021-12,79.5
2022-01,79.5
2022-02,79.5
2022-03,79.5
2022-04,79.5
2022-05,79.5
2022-06,79.5
2022-07,79.5
2022-08,79.5
2022-09,79.5
2022-10,79.5
2022-11,79.5
2022-12,79.5
2023-01,79.5
2023-02,79.5
2023-03,79.5
2023-04,79.5
2023-05,79.5
2023-06,79.5
2023-07,79.5
2023-08,79.5
2023-09,79.5
2023-10,79.5
2023-11,79.5
2023-12,79.5
2024-01,79.5
2024-02,79.5
2024-03,79.5
2024-04,79.5
2024-05,79.5
2024-06,79.5
2024-07,79.5
2024-08,79.5
2024-09,79.5
2024-10,79.5
2024-11,79.5
2024-12,79.5
