관리번호,발전소명(공단),호기,용량(MW),소재지,발전단지_중심위도,발전단지_중심경도
6,전북1,1,0.75,전북 군산시 비응도동 17,35.9637754,126.5222586
6,전북1,2,0.75,전북 군산시 비응도동 17,35.9637754,126.5222586
6,전북1,3,0.75,전북 군산시 비응도동 17,35.9637754,126.5222586
6,전북1,4,0.75,전북 군산시 비응도동 17,35.9637754,126.5222586
6,전북1,5,0.75,전북 군산시 비응도동 17,35.9637754,126.5222586
6,전북1,6,0.75,전북 군산시 비응도동 17,35.9637754,126.5222586
7,전북2,7,0.85,전북 군산시 비응도동 17,35.9547383,126.522727
7,전북2,8,0.85,전북 군산시 비응도동 17,35.9547383,126.522727
7,전북2,9,0.85,전북 군산시 비응도동 17,35.9547383,126.522727
7,전북2,10,0.85,전북 군산시 비응도동 17,35.9547383,126.522727
14,군산(새만금),-,2,전북 군산시 소룡동 1588-7,35.9725719,126.5737876
47,새만금가력,1,1.5,전북 부안군 변산면 대항리 594,35.729056,126.5305072
47,새만금가력,2,1.5,전북 부안군 변산면 대항리 594,35.729056,126.5305072
55,군산산단,1,1.65,전라북도 군산시 외항로 1245,35.9517732,126.5292091
55,군산산단,2,1.65,전라북도 군산시 외항로 1245,35.9517732,126.5292091
55,군산산단,3,1.65,전라북도 군산시 외항로 1245,35.9517732,126.5292091
56,부안,-,1.65,전북 부안군 하서면 백련리 1238,35.7122936,126.5982415
